{
  "ppo_exploitability": 0.2489325892198556,
  "cfr_exploitability": 0.00011332445786851886,
  "random_exploitability": 0.45833333333333326,
  "ppo_improvement_over_random": 45.68743507930423,
  "cfr_better_than_ppo": 99.95447584495719
}