{
  "num_games": 10000,
  "player_0_avg": 0.1501,
  "player_0_std": 1.4484370852750217,
  "player_1_avg": -0.1501,
  "player_1_std": 1.4484370852750217
}